-- MySQL Script generated by MySQL Workbench
-- Tue Nov 27 23:24:56 2018
-- Model: New Model    Version: 1.0
-- MySQL Workbench Forward Engineering

SET @OLD_UNIQUE_CHECKS=@@UNIQUE_CHECKS, UNIQUE_CHECKS=0;
SET @OLD_FOREIGN_KEY_CHECKS=@@FOREIGN_KEY_CHECKS, FOREIGN_KEY_CHECKS=0;
SET @OLD_SQL_MODE=@@SQL_MODE, SQL_MODE='TRADITIONAL,ALLOW_INVALID_DATES';

-- -----------------------------------------------------
-- Schema clinica_odontologica
-- -----------------------------------------------------
DROP SCHEMA IF EXISTS `clinica_odontologica` ;

-- -----------------------------------------------------
-- Schema clinica_odontologica
-- -----------------------------------------------------
CREATE SCHEMA IF NOT EXISTS `clinica_odontologica` DEFAULT CHARACTER SET utf8 ;
USE `clinica_odontologica` ;

-- -----------------------------------------------------
-- Table `clinica_odontologica`.`funcionario`
-- -----------------------------------------------------
DROP TABLE IF EXISTS `clinica_odontologica`.`funcionario` ;

CREATE TABLE IF NOT EXISTS `clinica_odontologica`.`funcionario` (
  `id` INT UNSIGNED NOT NULL AUTO_INCREMENT,
  `nome` VARCHAR(45) NOT NULL,
  `sobrenome` VARCHAR(90) NOT NULL,
  `nascimento` DATE NOT NULL,
  `cpf` CHAR(11) NULL,
  `salario` FLOAT UNSIGNED NOT NULL,
  `cargo` VARCHAR(45) NOT NULL,
  PRIMARY KEY (`id`),
  UNIQUE INDEX `id_UNIQUE` (`id` ASC),
  UNIQUE INDEX `cpf_UNIQUE` (`cpf` ASC))
ENGINE = InnoDB;


-- -----------------------------------------------------
-- Table `clinica_odontologica`.`dentista`
-- -----------------------------------------------------
DROP TABLE IF EXISTS `clinica_odontologica`.`dentista` ;

CREATE TABLE IF NOT EXISTS `clinica_odontologica`.`dentista` (
  `funcionario_id` INT UNSIGNED NOT NULL,
  `cro` CHAR(5) NOT NULL,
  PRIMARY KEY (`funcionario_id`),
  UNIQUE INDEX `cro_UNIQUE` (`cro` ASC),
  INDEX `fk_dentista_funcionario1_idx` (`funcionario_id` ASC),
  CONSTRAINT `fk_dentista_funcionario1`
    FOREIGN KEY (`funcionario_id`)
    REFERENCES `clinica_odontologica`.`funcionario` (`id`)
    ON DELETE CASCADE
    ON UPDATE CASCADE)
ENGINE = InnoDB
DEFAULT CHARACTER SET = utf8;


-- -----------------------------------------------------
-- Table `clinica_odontologica`.`auxiliar`
-- -----------------------------------------------------
DROP TABLE IF EXISTS `clinica_odontologica`.`auxiliar` ;

CREATE TABLE IF NOT EXISTS `clinica_odontologica`.`auxiliar` (
  `funcionario_id` INT UNSIGNED NOT NULL,
  PRIMARY KEY (`funcionario_id`),
  INDEX `fk_auxiliar_funcionario1_idx` (`funcionario_id` ASC),
  CONSTRAINT `fk_auxiliar_funcionario1`
    FOREIGN KEY (`funcionario_id`)
    REFERENCES `clinica_odontologica`.`funcionario` (`id`)
    ON DELETE CASCADE
    ON UPDATE CASCADE)
ENGINE = InnoDB;


-- -----------------------------------------------------
-- Table `clinica_odontologica`.`auxiliar_auxilia_dentista`
-- -----------------------------------------------------
DROP TABLE IF EXISTS `clinica_odontologica`.`auxiliar_auxilia_dentista` ;

CREATE TABLE IF NOT EXISTS `clinica_odontologica`.`auxiliar_auxilia_dentista` (
  `dentista_id` INT UNSIGNED NOT NULL,
  `auxiliar_id` INT UNSIGNED NOT NULL,
  PRIMARY KEY (`dentista_id`, `auxiliar_id`),
  INDEX `fk_auxiliar_auxilia_dentista_dentista1_idx` (`dentista_id` ASC),
  INDEX `fk_auxiliar_auxilia_dentista_auxiliar1_idx` (`auxiliar_id` ASC),
  CONSTRAINT `fk_auxiliar_auxilia_dentista_dentista1`
    FOREIGN KEY (`dentista_id`)
    REFERENCES `clinica_odontologica`.`dentista` (`funcionario_id`)
    ON DELETE CASCADE
    ON UPDATE CASCADE,
  CONSTRAINT `fk_auxiliar_auxilia_dentista_auxiliar1`
    FOREIGN KEY (`auxiliar_id`)
    REFERENCES `clinica_odontologica`.`auxiliar` (`funcionario_id`)
    ON DELETE CASCADE
    ON UPDATE CASCADE)
ENGINE = InnoDB
DEFAULT CHARACTER SET = utf8;


-- -----------------------------------------------------
-- Table `clinica_odontologica`.`recepcionista`
-- -----------------------------------------------------
DROP TABLE IF EXISTS `clinica_odontologica`.`recepcionista` ;

CREATE TABLE IF NOT EXISTS `clinica_odontologica`.`recepcionista` (
  `funcionario_id` INT UNSIGNED NOT NULL,
  `nome_usuario` VARCHAR(255) NOT NULL,
  `senha` VARCHAR(255) NOT NULL,
  PRIMARY KEY (`funcionario_id`),
  INDEX `fk_administrador-recepcionista_funcionario1_idx` (`funcionario_id` ASC),
  UNIQUE INDEX `nome_usuario_UNIQUE` (`nome_usuario` ASC),
  CONSTRAINT `fk_administrador-recepcionista_funcionario1`
    FOREIGN KEY (`funcionario_id`)
    REFERENCES `clinica_odontologica`.`funcionario` (`id`)
    ON DELETE CASCADE
    ON UPDATE CASCADE)
ENGINE = InnoDB;


-- -----------------------------------------------------
-- Table `clinica_odontologica`.`administrador`
-- -----------------------------------------------------
DROP TABLE IF EXISTS `clinica_odontologica`.`administrador` ;

CREATE TABLE IF NOT EXISTS `clinica_odontologica`.`administrador` (
  `funcionario_id` INT UNSIGNED NOT NULL,
  `nome_usuario` VARCHAR(255) NOT NULL,
  `senha` VARCHAR(255) NOT NULL,
  PRIMARY KEY (`funcionario_id`),
  INDEX `fk_administrador_funcionario1_idx` (`funcionario_id` ASC),
  UNIQUE INDEX `nome_usuario_UNIQUE` (`nome_usuario` ASC),
  CONSTRAINT `fk_administrador_funcionario1`
    FOREIGN KEY (`funcionario_id`)
    REFERENCES `clinica_odontologica`.`funcionario` (`id`)
    ON DELETE CASCADE
    ON UPDATE CASCADE)
ENGINE = InnoDB;


-- -----------------------------------------------------
-- Table `clinica_odontologica`.`despesa`
-- -----------------------------------------------------
DROP TABLE IF EXISTS `clinica_odontologica`.`despesa` ;

CREATE TABLE IF NOT EXISTS `clinica_odontologica`.`despesa` (
  `id` INT UNSIGNED NOT NULL AUTO_INCREMENT,
  `nome` VARCHAR(45) NOT NULL,
  `data` DATE NOT NULL,
  `valor` FLOAT UNSIGNED NOT NULL,
  `tipo` VARCHAR(45) NOT NULL,
  `situacao` ENUM('Pago', 'Não Pago') NOT NULL,
  `administrador_id` INT UNSIGNED NOT NULL,
  PRIMARY KEY (`id`),
  UNIQUE INDEX `id_UNIQUE` (`id` ASC),
  INDEX `fk_despesa_administrador1_idx` (`administrador_id` ASC),
  CONSTRAINT `fk_despesa_administrador1`
    FOREIGN KEY (`administrador_id`)
    REFERENCES `clinica_odontologica`.`administrador` (`funcionario_id`)
    ON DELETE CASCADE
    ON UPDATE CASCADE)
ENGINE = InnoDB;


-- -----------------------------------------------------
-- Table `clinica_odontologica`.`plano_dentario`
-- -----------------------------------------------------
DROP TABLE IF EXISTS `clinica_odontologica`.`plano_dentario` ;

CREATE TABLE IF NOT EXISTS `clinica_odontologica`.`plano_dentario` (
  `id` INT UNSIGNED NOT NULL AUTO_INCREMENT,
  `nome` VARCHAR(45) NOT NULL,
  `desconto` FLOAT NOT NULL,
  PRIMARY KEY (`id`),
  UNIQUE INDEX `id_UNIQUE` (`id` ASC),
  UNIQUE INDEX `nome_UNIQUE` (`nome` ASC))
ENGINE = InnoDB;


-- -----------------------------------------------------
-- Table `clinica_odontologica`.`paciente`
-- -----------------------------------------------------
DROP TABLE IF EXISTS `clinica_odontologica`.`paciente` ;
CREATE TABLE IF NOT EXISTS `clinica_odontologica`.`paciente` (
  `id` INT UNSIGNED NOT NULL AUTO_INCREMENT,
  `nome` VARCHAR(45) NOT NULL,
  `sobrenome` VARCHAR(90) NOT NULL,
  `nascimento` DATE NOT NULL,
  `cpf` CHAR(11) NULL,
  `plano_dentario_id` INT UNSIGNED NULL,
  PRIMARY KEY (`id`),
  UNIQUE INDEX `id_UNIQUE` (`id` ASC),
  UNIQUE INDEX `cpf_UNIQUE` (`cpf` ASC),
  INDEX `fk_paciente_plano_dentario1_idx` (`plano_dentario_id` ASC),
  CONSTRAINT `fk_paciente_plano_dentario1`
    FOREIGN KEY (`plano_dentario_id`)
    REFERENCES `clinica_odontologica`.`plano_dentario` (`id`)
    ON DELETE SET NULL
    ON UPDATE CASCADE)
ENGINE = InnoDB;


-- -----------------------------------------------------
-- Table `clinica_odontologica`.`recebimento`
-- -----------------------------------------------------
DROP TABLE IF EXISTS `clinica_odontologica`.`recebimento` ;
CREATE TABLE IF NOT EXISTS `clinica_odontologica`.`recebimento` (
  `id` INT UNSIGNED NOT NULL AUTO_INCREMENT,
  `valor` FLOAT UNSIGNED NOT NULL,
  `data` DATE NOT NULL,
  `modo_pagamento` VARCHAR(45) NOT NULL,
  `recepcionista_id` INT UNSIGNED NULL,
  `paciente_id` INT UNSIGNED NULL,
  PRIMARY KEY (`id`),
  INDEX `fk_balanço_recepcionista1_idx` (`recepcionista_id` ASC),
  INDEX `fk_recebimento_paciente1_idx` (`paciente_id` ASC),
  CONSTRAINT `fk_balanço_recepcionista1`
    FOREIGN KEY (`recepcionista_id`)
    REFERENCES `clinica_odontologica`.`recepcionista` (`funcionario_id`)
    ON DELETE SET NULL
    ON UPDATE CASCADE,
  CONSTRAINT `fk_recebimento_paciente1`
    FOREIGN KEY (`paciente_id`)
    REFERENCES `clinica_odontologica`.`paciente` (`id`)
    ON DELETE SET NULL
    ON UPDATE CASCADE)
ENGINE = InnoDB;


-- -----------------------------------------------------
-- Table `clinica_odontologica`.`dentista_consulta_paciente`
-- -----------------------------------------------------
DROP TABLE IF EXISTS `clinica_odontologica`.`dentista_consulta_paciente` ; 
CREATE TABLE IF NOT EXISTS `clinica_odontologica`.`dentista_consulta_paciente` (
  `id` INT UNSIGNED NOT NULL AUTO_INCREMENT,
  `paciente_id` INT UNSIGNED NOT NULL,
  `dentista_id` INT UNSIGNED NOT NULL,
  `operacao` VARCHAR(45) NOT NULL,
  `data` DATE NOT NULL,
  `horario` TIME NOT NULL,
  `valor` FLOAT NOT NULL,
  `situacao` ENUM('Pago', 'Não Pago') NOT NULL,
  INDEX `fk_dentista_has_paciente_paciente1_idx` (`paciente_id` ASC),
  INDEX `fk_dentista_consulta_paciente_dentista1_idx` (`dentista_id` ASC),
  PRIMARY KEY (`id`),
  UNIQUE INDEX `id_UNIQUE` (`id` ASC),
  CONSTRAINT `fk_dentista_has_paciente_paciente1`
    FOREIGN KEY (`paciente_id`)
    REFERENCES `clinica_odontologica`.`paciente` (`id`)
    ON DELETE CASCADE
    ON UPDATE CASCADE,
  CONSTRAINT `fk_dentista_consulta_paciente_dentista1`
    FOREIGN KEY (`dentista_id`)
    REFERENCES `clinica_odontologica`.`dentista` (`funcionario_id`)
    ON DELETE CASCADE
    ON UPDATE CASCADE)
ENGINE = InnoDB
DEFAULT CHARACTER SET = utf8;


-- -----------------------------------------------------
-- Table `clinica_odontologica`.`especialidade`
-- -----------------------------------------------------
DROP TABLE IF EXISTS `clinica_odontologica`.`especialidade` ;

CREATE TABLE IF NOT EXISTS `clinica_odontologica`.`especialidade` (
  `nome` VARCHAR(45) NOT NULL,
  PRIMARY KEY (`nome`),
  UNIQUE INDEX `nome_especialidade_UNIQUE` (`nome` ASC))
ENGINE = InnoDB;


-- -----------------------------------------------------
-- Table `clinica_odontologica`.`dentista_has_especialidade`
-- -----------------------------------------------------
DROP TABLE IF EXISTS `clinica_odontologica`.`dentista_has_especialidade` ;

CREATE TABLE IF NOT EXISTS `clinica_odontologica`.`dentista_has_especialidade` (
  `dentista_id` INT UNSIGNED NOT NULL,
  `especialidade_nome` VARCHAR(45) NOT NULL,
  PRIMARY KEY (`dentista_id`, `especialidade_nome`),
  INDEX `fk_dentista_has_especialidade_especialidade1_idx` (`especialidade_nome` ASC),
  INDEX `fk_dentista_has_especialidade_dentista1_idx` (`dentista_id` ASC),
  CONSTRAINT `fk_dentista_has_especialidade_dentista1`
    FOREIGN KEY (`dentista_id`)
    REFERENCES `clinica_odontologica`.`dentista` (`funcionario_id`)
    ON DELETE CASCADE
    ON UPDATE CASCADE,
  CONSTRAINT `fk_dentista_has_especialidade_especialidade1`
    FOREIGN KEY (`especialidade_nome`)
    REFERENCES `clinica_odontologica`.`especialidade` (`nome`)
    ON DELETE CASCADE
    ON UPDATE CASCADE)
ENGINE = InnoDB
DEFAULT CHARACTER SET = utf8;


SET SQL_MODE=@OLD_SQL_MODE;
SET FOREIGN_KEY_CHECKS=@OLD_FOREIGN_KEY_CHECKS;
SET UNIQUE_CHECKS=@OLD_UNIQUE_CHECKS;


INSERT INTO clinica_odontologica.funcionario (id,nome,sobrenome,nascimento,cpf,salario,cargo) VALUES
(1,'João','Antônio','1994-10-02','11856810607',4700.00,'dentista');
INSERT INTO clinica_odontologica.funcionario (id,nome,sobrenome,nascimento,cpf,salario,cargo) VALUES
(2,'Larissa','Carvalho','1992-08-29','31622058681',4700.00,'dentista');
INSERT INTO clinica_odontologica.funcionario (id,nome,sobrenome,nascimento,cpf,salario,cargo) VALUES
(3,'Anna Paula','Figueiredo','1987-10-12','43256286693',4800.00,'dentista');
INSERT INTO clinica_odontologica.funcionario (id,nome,sobrenome,nascimento,cpf,salario,cargo) VALUES
(4,'Renan','Fonseca','1982-11-01','29281171058',2400.00,'auxiliar');
INSERT INTO clinica_odontologica.funcionario (id,nome,sobrenome,nascimento,cpf,salario,cargo) VALUES
(5,'Luiza','Andrade','1979-01-12','38394735002',2300.00,'auxiliar');
INSERT INTO clinica_odontologica.funcionario (id,nome,sobrenome,nascimento,cpf,salario,cargo) VALUES
(6,'Daniela','Alcântara','1992-08-23','33164908091',2400.00,'auxiliar');
INSERT INTO clinica_odontologica.funcionario (id,nome,sobrenome,nascimento,cpf,salario,cargo) VALUES
(7,'Julia','Ferraz','1959-10-22','72840389002',1250.00,'recepcionista');
INSERT INTO clinica_odontologica.funcionario (id,nome,sobrenome,nascimento,cpf,salario,cargo) VALUES
(8,'Sabrina','Silva','1969-05-23','42667139089',1250.00,'recepcionista');
INSERT INTO clinica_odontologica.funcionario (id,nome,sobrenome,nascimento,cpf,salario,cargo) VALUES
(9,'Rodrigo','Amaral','1992-03-28','22263483012',7000.00,'administrador');


INSERT INTO clinica_odontologica.plano_dentario (id,nome,desconto) VALUES
(1,'Silver',20.0);
INSERT INTO clinica_odontologica.plano_dentario (id,nome,desconto) VALUES
(2,'Gold',35.0);
INSERT INTO clinica_odontologica.plano_dentario (id,nome,desconto) VALUES
(3,'Platinum',50.0);


INSERT INTO clinica_odontologica.paciente (id,nome,sobrenome,nascimento,cpf,plano_dentario_id) VALUES
(1,'Samuel','Nunes','1972-06-12','06098750009',1);
INSERT INTO clinica_odontologica.paciente (id,nome,sobrenome,nascimento,cpf,plano_dentario_id) VALUES
(2,'Samira','Luange','1998-02-19','17503953047',2);
INSERT INTO clinica_odontologica.paciente (id,nome,sobrenome,nascimento,cpf,plano_dentario_id) VALUES
(3,'Roberto','Siqueira','1984-10-21','58973322079',3); 
INSERT INTO clinica_odontologica.paciente (id,nome,sobrenome,nascimento,cpf,plano_dentario_id) VALUES
(4,'Clara','Nogueira','2000-03-01','17332270080',NULL);


INSERT INTO clinica_odontologica.dentista (funcionario_id,cro) VALUES
(1,'00001');
INSERT INTO clinica_odontologica.dentista (funcionario_id,cro) VALUES 
(2,'00002');
INSERT INTO clinica_odontologica.dentista (funcionario_id,cro) VALUES 
(3,'00003');


INSERT INTO clinica_odontologica.auxiliar (funcionario_id) VALUES
(4);
INSERT INTO clinica_odontologica.auxiliar (funcionario_id) VALUES 
(5);
INSERT INTO clinica_odontologica.auxiliar (funcionario_id) VALUES
(6);

INSERT INTO clinica_odontologica.recepcionista (funcionario_id,nome_usuario,senha) VALUES
(7,'juliaf','5f6955d227a320c7f1f6c7da2a6d96a851a8118f');
INSERT INTO clinica_odontologica.recepcionista (funcionario_id,nome_usuario,senha) VALUES
(8,'sabrinas','5f6955d227a320c7f1f6c7da2a6d96a851a8118f');

INSERT INTO clinica_odontologica.administrador (funcionario_id,nome_usuario,senha) VALUES
(9,'rodrigoa','5f6955d227a320c7f1f6c7da2a6d96a851a8118f');


INSERT INTO clinica_odontologica.especialidade (nome) VALUES
('ortodontista');
INSERT INTO clinica_odontologica.especialidade (nome) VALUES
('cirurgião');
INSERT INTO clinica_odontologica.especialidade (nome) VALUES
('endodontista');

INSERT INTO clinica_odontologica.dentista_has_especialidade (dentista_id,especialidade_nome) VALUES
(1,'ortodontista');
INSERT INTO clinica_odontologica.dentista_has_especialidade (dentista_id,especialidade_nome) VALUES 
(2,'endodontista');
INSERT INTO clinica_odontologica.dentista_has_especialidade (dentista_id,especialidade_nome) VALUES
(3,'cirurgião');


INSERT INTO clinica_odontologica.auxiliar_auxilia_dentista (dentista_id,auxiliar_id) VALUES
(1,4);
INSERT INTO clinica_odontologica.auxiliar_auxilia_dentista (dentista_id,auxiliar_id) VALUES
(2,5);
INSERT INTO clinica_odontologica.auxiliar_auxilia_dentista (dentista_id,auxiliar_id) VALUES
(3,6);


INSERT INTO clinica_odontologica.despesa (id,nome,data,valor,tipo,situacao,administrador_id) VALUES
(1,'Água 09/18','2018-09-13',78.25,'conta de água','Pago',9);
INSERT INTO clinica_odontologica.despesa (id,nome,data,valor,tipo,situacao,administrador_id) VALUES
(2,'Energia 09/18','2018-09-17',483.32,'conta de energia elétrica','Pago',9);
INSERT INTO clinica_odontologica.despesa (id,nome,data,valor,tipo,situacao,administrador_id) VALUES
(3,'Salários 09/18','2018-09-01',30800.00,'salários','Pago',9);
INSERT INTO clinica_odontologica.despesa (id,nome,data,valor,tipo,situacao,administrador_id) VALUES
(4,'Outros 09/18','2018-09-30',312.65,'outros','Pago',9);
INSERT INTO clinica_odontologica.despesa (id,nome,data,valor,tipo,situacao,administrador_id) VALUES
(5,'Água 10/18','2018-10-13',82.13,'conta de água','Pago',9);
INSERT INTO clinica_odontologica.despesa (id,nome,data,valor,tipo,situacao,administrador_id) VALUES
(6,'Energia 10/18','2018-10-17',441.79,'conta de energia elétrica','Pago',9);
INSERT INTO clinica_odontologica.despesa (id,nome,data,valor,tipo,situacao,administrador_id) VALUES
(7,'Salários 10/18','2018-10-01',30800.00,'salários','Pago',9);
INSERT INTO clinica_odontologica.despesa (id,nome,data,valor,tipo,situacao,administrador_id) VALUES
(8,'Outros 10/18','2018-10-30',320.81,'outros','Pago',9);
INSERT INTO clinica_odontologica.despesa (id,nome,data,valor,tipo,situacao,administrador_id) VALUES
 (9,'Água 11/18','2018-11-13',80.96,'conta de água','Pago',9);
INSERT INTO clinica_odontologica.despesa (id,nome,data,valor,tipo,situacao,administrador_id) VALUES
(10,'Energia 11/18','2018-11-17',560.25,'conta de energia elétrica','Pago',9);
INSERT INTO clinica_odontologica.despesa (id,nome,data,valor,tipo,situacao,administrador_id) VALUES
(11,'Salários 11/18','2018-11-01',30800.00,'salários','Pago',9);
INSERT INTO clinica_odontologica.despesa (id,nome,data,valor,tipo,situacao,administrador_id) VALUES
(12,'Outros 11/18','2018-11-30',331.85,'outros','Não Pago',9);
INSERT INTO clinica_odontologica.despesa (id,nome,data,valor,tipo,situacao,administrador_id) VALUES
(13,'Salários 12/18','2018-12-01',30800.00,'salários','Não Pago',9);


INSERT INTO clinica_odontologica.dentista_consulta_paciente (id,paciente_id,dentista_id,data,horario,valor,situacao,operacao) VALUES
(1,1,1,'2018-09-25','15:00:00',160.0,'Pago','Colocar aparelho');
INSERT INTO clinica_odontologica.dentista_consulta_paciente (id,paciente_id,dentista_id,data,horario,valor,situacao,operacao) VALUES
(2,1,2,'2018-10-12','16:00:00',1200.0,'Pago','Implante');
INSERT into clinica_odontologica.dentista_consulta_paciente (id,paciente_id,dentista_id,data,horario,valor,situacao,operacao) VALUES
(3,1,3,'2018-11-20','14:00:00',48.0,'Não Pago','Checkup');
INSERT INTO clinica_odontologica.dentista_consulta_paciente (id,paciente_id,dentista_id,data,horario,valor,situacao,operacao) VALUES
(4,2,1,'2018-05-22','15:00:00',130.0,'Pago','Colocar aparelho');
INSERT INTO clinica_odontologica.dentista_consulta_paciente (id,paciente_id,dentista_id,data,horario,valor,situacao,operacao) VALUES
(5,2,2,'2018-06-18','16:00:00',975.0,'Pago','Implante');
INSERT into clinica_odontologica.dentista_consulta_paciente (id,paciente_id,dentista_id,data,horario,valor,situacao,operacao) VALUES
(6,2,3,'2018-07-20','14:00:00',39.0,'Pago','Checkup');
INSERT INTO clinica_odontologica.dentista_consulta_paciente (id,paciente_id,dentista_id,data,horario,valor,situacao,operacao) VALUES
(7,3,1,'2018-08-01','15:00:00',100.0,'Pago','Colocar aparelho');
INSERT INTO clinica_odontologica.dentista_consulta_paciente (id,paciente_id,dentista_id,data,horario,valor,situacao,operacao) VALUES
(8,3,2,'2018-10-13','16:00:00',750.0,'Pago','Implante');
INSERT into clinica_odontologica.dentista_consulta_paciente (id,paciente_id,dentista_id,data,horario,valor,situacao,operacao) VALUES
(9,3,3,'2018-11-10','14:00:00',30.0,'Não Pago','Checkup');
INSERT INTO clinica_odontologica.dentista_consulta_paciente (id,paciente_id,dentista_id,data,horario,valor,situacao,operacao) VALUES
(10,4,1,'2018-01-25','15:00:00',200.0,'Pago','Colocar aparelho');
INSERT INTO clinica_odontologica.dentista_consulta_paciente (id,paciente_id,dentista_id,data,horario,valor,situacao,operacao) VALUES
(11,4,2,'2018-02-12','16:00:00',1500.0,'Pago','Implante');
INSERT into clinica_odontologica.dentista_consulta_paciente (id,paciente_id,dentista_id,data,horario,valor,situacao,operacao) VALUES
(12,4,3,'2018-03-20','14:00:00',60.0,'Pago','Checkup');



INSERT INTO clinica_odontologica.recebimento (id,valor,data,modo_pagamento,recepcionista_id,paciente_id) VALUES
(1,200.0,'2018-01-25','Dinheiro',7,4);
INSERT INTO clinica_odontologica.recebimento (id,valor,data,modo_pagamento,recepcionista_id,paciente_id) VALUES
(2,1500.0,'2018-02-12','Débito',8,4);
INSERT INTO clinica_odontologica.recebimento (id,valor,data,modo_pagamento,recepcionista_id,paciente_id) VALUES
(3,60.0,'2018-03-20','Crédito',7,4);
INSERT INTO clinica_odontologica.recebimento (id,valor,data,modo_pagamento,recepcionista_id,paciente_id) VALUES
(4,200.0,'2018-05-22','Dinheiro',8,2);
INSERT INTO clinica_odontologica.recebimento (id,valor,data,modo_pagamento,recepcionista_id,paciente_id) VALUES 
(5,1500.0,'2018-06-18','Débito',7,2);
INSERT INTO clinica_odontologica.recebimento (id,valor,data,modo_pagamento,recepcionista_id,paciente_id) VALUES
(6,60.0,'2018-07-20','Crédito',8,2);
INSERT INTO clinica_odontologica.recebimento (id,valor,data,modo_pagamento,recepcionista_id,paciente_id) VALUES
(7,200.0,'2018-08-01','Dinheiro',7,3);
INSERT INTO clinica_odontologica.recebimento (id,valor,data,modo_pagamento,recepcionista_id,paciente_id) VALUES
(8,200.0,'2018-09-25','Débito',8,1);
INSERT INTO clinica_odontologica.recebimento (id,valor,data,modo_pagamento,recepcionista_id,paciente_id) VALUES
(9,1500.0,'2018-10-12','Crédito',7,1);
INSERT INTO clinica_odontologica.recebimento (id,valor,data,modo_pagamento,recepcionista_id,paciente_id) VALUES
(10,1500.0,'2018-10-13','Dinheiro',8,3);
INSERT INTO clinica_odontologica.recebimento (id,valor,data,modo_pagamento,recepcionista_id,paciente_id) VALUES
(11,100000.0,'2018-01-01','Dinheiro',7,3);